Time,Rate,Event
0,1.08427,Upward Overshoot
1,1.08426,Upward Overshoot
2,1.08428,Upward Overshoot
3,1.08426,Upward Overshoot
4,1.08426,Upward Overshoot
5,1.08429,Upward Overshoot
6,1.08428,Upward Overshoot
7,1.08429,Upward Overshoot
8,1.08429,Upward Overshoot
9,1.08427,Upward Overshoot
10,1.08428,Upward Overshoot
11,1.08426,Upward Overshoot
12,1.08427,Upward Overshoot
13,1.08426,Upward Overshoot
14,1.08428,Upward Overshoot
15,1.08426,Upward Overshoot
16,1.08426,Upward Overshoot
17,1.08426,Upward Overshoot
18,1.08426,Upward Overshoot
19,1.08426,Upward Overshoot
20,1.08426,Upward Overshoot
21,1.08429,Upward Overshoot
22,1.08427,Upward Overshoot
23,1.08428,Upward Overshoot
24,1.0843,Upward Overshoot
25,1.08429,Upward Overshoot
26,1.0843,Upward Overshoot
27,1.08431,Upward Overshoot
28,1.08434,Upward Overshoot
29,1.08431,Upward Overshoot
30,1.08432,Upward Overshoot
31,1.08434,Upward Overshoot
32,1.08431,Upward Overshoot
33,1.08433,Upward Overshoot
34,1.08435,Upward Overshoot
35,1.08433,Upward Overshoot
36,1.08433,Upward Overshoot
37,1.08431,Upward Overshoot
38,1.08432,Upward Overshoot
39,1.08431,Upward Overshoot
40,1.08435,Upward Overshoot
41,1.08432,Upward Overshoot
42,1.08433,Upward Overshoot
43,1.08435,Upward Overshoot
44,1.08434,Upward Overshoot
45,1.08435,Upward Overshoot
46,1.08434,Upward Overshoot
47,1.08435,Upward Overshoot
48,1.08434,Upward Overshoot
49,1.08436,Upward Overshoot
50,1.08436,Upward Overshoot
51,1.08438,Upward Overshoot
52,1.08436,Upward Overshoot
53,1.08438,Upward Overshoot
54,1.08436,Upward Overshoot
55,1.08436,Upward Overshoot
56,1.08439,Upward Overshoot
57,1.08439,Upward Overshoot
58,1.08438,Upward Overshoot
59,1.08439,Upward Overshoot
60,1.08438,Upward Overshoot
61,1.08437,Upward Overshoot
62,1.08436,Upward Overshoot
63,1.08439,Upward Overshoot
64,1.08436,Upward Overshoot
65,1.08439,Upward Overshoot
66,1.08436,Upward Overshoot
67,1.08439,Upward Overshoot
68,1.08436,Upward Overshoot
69,1.08439,Upward Overshoot
70,1.08436,Upward Overshoot
71,1.08438,Upward Overshoot
72,1.08437,Upward Overshoot
73,1.08439,Upward Overshoot
74,1.08438,Upward Overshoot
75,1.08441,Upward Overshoot
76,1.08439,Upward Overshoot
77,1.08442,Upward Overshoot
78,1.0844,Upward Overshoot
79,1.08441,Upward Overshoot
80,1.08442,Upward Overshoot
81,1.08441,Upward Overshoot
82,1.08442,Upward Overshoot
83,1.08441,Upward Overshoot
84,1.08442,Upward Overshoot
85,1.08441,Upward Overshoot
86,1.08442,Upward Overshoot
87,1.08441,Upward Overshoot
88,1.08442,Upward Overshoot
89,1.08441,Upward Overshoot
90,1.08442,Upward Overshoot
91,1.08443,Upward Overshoot
92,1.08443,Upward Overshoot
93,1.08441,Upward Overshoot
94,1.08441,Upward Overshoot
95,1.08443,Upward Overshoot
96,1.08441,Upward Overshoot
97,1.08443,Upward Overshoot
98,1.08441,Upward Overshoot
99,1.08443,Upward Overshoot
100,1.08441,Upward Overshoot
101,1.08443,Upward Overshoot
102,1.08445,Upward Overshoot
103,1.08443,Upward Overshoot
104,1.08445,Upward Overshoot
105,1.08445,Upward Overshoot
106,1.08445,Upward Overshoot
107,1.08447,Upward Overshoot
108,1.0845,Upward Overshoot
109,1.08448,Upward Overshoot
110,1.08452,Upward Overshoot
111,1.08449,Upward Overshoot
112,1.08451,Upward Overshoot
113,1.08453,Upward Overshoot
114,1.08451,Upward Overshoot
115,1.08451,Upward Overshoot
116,1.08451,Upward Overshoot
117,1.08452,Upward Overshoot
118,1.08454,Upward Overshoot
119,1.08453,Upward Overshoot
120,1.08451,Upward Overshoot
121,1.08453,Upward Overshoot
122,1.08452,Upward Overshoot
123,1.08451,Upward Overshoot
124,1.08453,Upward Overshoot
125,1.08451,Upward Overshoot
126,1.08452,Upward Overshoot
127,1.0845,Upward Overshoot
128,1.08451,Upward Overshoot
129,1.08451,Upward Overshoot
130,1.0845,Upward Overshoot
131,1.08451,Upward Overshoot
132,1.0845,Upward Overshoot
133,1.08456,Upward Overshoot
134,1.08447,Downward DCC
135,1.08453,Downward DCC
136,1.08447,Downward DCC
137,1.08446,Downward DCC
138,1.08452,Downward DCC
139,1.08446,Downward DCC
140,1.08453,Downward DCC
141,1.08445,Downward DCC
142,1.08451,Downward DCC
143,1.08448,Downward DCC
144,1.08443,Downward DCC
145,1.08447,Downward DCC
146,1.08446,Downward DCC
147,1.08441,Downward DCC
148,1.08441,Downward DCC
149,1.08445,Downward DCC
150,1.0844,Downward DCC
151,1.08446,Downward DCC
152,1.0844,Downward DCC
153,1.08439,Downward DCC
154,1.08439,Downward DCC
155,1.08446,Downward DCC
156,1.08443,Downward DCC
157,1.08438,Downward DCC
158,1.08445,Downward DCC
159,1.08439,Downward DCC
160,1.08445,Downward DCC
161,1.08445,Downward DCC
162,1.08439,Downward DCC
163,1.08445,Downward DCC
164,1.08445,Downward DCC
165,1.0844,Downward DCC
166,1.0844,Downward DCC
167,1.08445,Downward DCC
168,1.0844,Downward DCC
169,1.08445,Downward DCC
170,1.0844,Downward DCC
171,1.08438,Downward DCC
172,1.08436,Downward DCC
173,1.08443,Downward DCC
174,1.08436,Downward DCC
175,1.08443,Downward DCC
176,1.08436,Downward DCC
177,1.08436,Downward DCC
178,1.08443,Downward DCC
179,1.08436,Downward DCC
180,1.08441,Downward DCC
181,1.08435,Downward DCC
182,1.08436,Downward DCC
183,1.08436,Downward DCC
184,1.08441,Downward DCC
185,1.08435,Downward DCC
186,1.08435,Downward DCC
187,1.08435,Downward DCC
188,1.08442,Downward DCC
189,1.08435,Downward DCC
190,1.08441,Downward DCC
191,1.08435,Downward DCC
192,1.08441,Downward DCC
193,1.08443,Downward DCC
194,1.08435,Downward DCC
195,1.08436,Downward DCC
196,1.08436,Downward DCC
197,1.08442,Downward DCC
198,1.08443,Downward DCC
199,1.08436,Downward DCC
200,1.08443,Downward DCC
201,1.08442,Downward DCC
202,1.08436,Downward DCC
203,1.08442,Downward DCC
204,1.08436,Downward DCC
205,1.08442,Downward DCC
206,1.08444,Downward DCC
207,1.08438,Downward DCC
208,1.08439,Downward DCC
209,1.08439,Downward DCC
210,1.08442,Downward DCC
211,1.08433,Downward DCC
212,1.0844,Downward DCC
213,1.08439,Downward DCC
214,1.08435,Downward DCC
215,1.08435,Downward DCC
216,1.08439,Downward DCC
217,1.08435,Downward DCC
218,1.08433,Downward DCC
219,1.08431,Downward DCC
220,1.08431,Downward DCC
221,1.08437,Downward DCC
222,1.08431,Downward DCC
223,1.08437,Downward DCC
224,1.08433,Downward DCC
225,1.08439,Downward DCC
226,1.08433,Downward DCC
227,1.08438,Downward DCC
228,1.08432,Downward DCC
229,1.08437,Downward DCC
230,1.08431,Downward DCC
231,1.08437,Downward DCC
232,1.08431,Downward DCC
233,1.08432,Downward DCC
234,1.08431,Downward DCC
235,1.08432,Downward DCC
236,1.08431,Downward DCC
237,1.08433,Downward DCC
238,1.08437,Downward DCC
239,1.08438,Downward DCC
240,1.08434,Downward DCC
241,1.08439,Downward DCC
242,1.0844,Downward DCC
243,1.08434,Downward DCC
244,1.08439,Downward DCC
245,1.08434,Downward DCC
246,1.0844,Downward DCC
247,1.08434,Downward DCC
248,1.08439,Downward DCC
249,1.08434,Downward DCC
250,1.0844,Downward DCC
251,1.08439,Downward DCC
252,1.08434,Downward DCC
253,1.0844,Downward DCC
254,1.08439,Downward DCC
255,1.0844,Downward DCC
256,1.08439,Downward DCC
257,1.08434,Downward DCC
258,1.0844,Downward DCC
259,1.08441,Downward DCC
260,1.08434,Downward DCC
261,1.08441,Downward DCC
262,1.08441,Downward DCC
263,1.08436,Downward DCC
264,1.08436,Downward DCC
265,1.0844,Downward DCC
266,1.08436,Downward DCC
267,1.08436,Downward DCC
268,1.08436,Downward DCC
269,1.08442,Downward DCC
270,1.08436,Downward DCC
271,1.08442,Downward DCC
272,1.08441,Downward DCC
273,1.08436,Downward DCC
274,1.0844,Downward DCC
275,1.08438,Downward DCC
276,1.08432,Downward DCC
277,1.08438,Downward DCC
278,1.08437,Downward DCC
279,1.08431,Downward DCC
280,1.08435,Downward Overshoot
281,1.0843,Downward Overshoot
282,1.0843,Upward DCC
283,1.0843,Upward DCC
284,1.08431,Upward DCC
285,1.08432,Upward DCC
286,1.08437,Upward DCC
287,1.08432,Upward DCC
288,1.08437,Upward DCC
289,1.08434,Upward DCC
290,1.08434,Upward DCC
291,1.0844,Upward DCC
292,1.08441,Upward DCC
293,1.08434,Upward Overshoot
294,1.0844,Upward Overshoot
295,1.08434,Upward Overshoot
296,1.0844,Upward Overshoot
297,1.08434,Upward Overshoot
298,1.08436,Upward Overshoot
299,1.08436,Upward Overshoot
300,1.08436,Upward Overshoot
301,1.08436,Upward Overshoot
302,1.08441,Upward Overshoot
303,1.08436,Upward Overshoot
304,1.08441,Upward Overshoot
305,1.08436,Upward Overshoot
306,1.08436,Upward Overshoot
307,1.08441,Upward Overshoot
308,1.08438,Upward Overshoot
309,1.08443,Upward Overshoot
310,1.08438,Upward Overshoot
311,1.08443,Upward Overshoot
312,1.08438,Upward Overshoot
313,1.08437,Upward Overshoot
314,1.08436,Upward Overshoot
315,1.08437,Upward Overshoot
316,1.08436,Upward Overshoot
317,1.08441,Upward Overshoot
318,1.0844,Upward Overshoot
319,1.08436,Upward Overshoot
320,1.0844,Upward Overshoot
321,1.08435,Upward Overshoot
322,1.08441,Upward Overshoot
323,1.08435,Upward Overshoot
324,1.08441,Upward Overshoot
325,1.08436,Upward Overshoot
326,1.08437,Upward Overshoot
327,1.08437,Upward Overshoot
328,1.08441,Upward Overshoot
329,1.08439,Upward Overshoot
330,1.08444,Upward Overshoot
331,1.08439,Upward Overshoot
332,1.08439,Upward Overshoot
333,1.08444,Upward Overshoot
334,1.08444,Upward Overshoot
335,1.08439,Upward Overshoot
336,1.0844,Upward Overshoot
337,1.08439,Upward Overshoot
338,1.08439,Upward Overshoot
339,1.08438,Upward Overshoot
340,1.08439,Upward Overshoot
341,1.08436,Upward Overshoot
342,1.08436,Upward Overshoot
343,1.08437,Upward Overshoot
344,1.08436,Upward Overshoot
345,1.08438,Upward Overshoot
346,1.08436,Upward Overshoot
347,1.08436,Upward Overshoot
348,1.08439,Upward Overshoot
349,1.08436,Upward Overshoot
350,1.08439,Upward Overshoot
351,1.08436,Upward Overshoot
352,1.08438,Upward Overshoot
353,1.08436,Upward Overshoot
354,1.08436,Upward Overshoot
355,1.08437,Upward Overshoot
356,1.08436,Upward Overshoot
357,1.08436,Upward Overshoot
358,1.08437,Upward Overshoot
359,1.08436,Upward Overshoot
360,1.08435,Upward Overshoot
361,1.08435,Upward Overshoot
362,1.08438,Upward Overshoot
363,1.08435,Upward Overshoot
364,1.08437,Upward Overshoot
365,1.08436,Upward Overshoot
366,1.08435,Upward Overshoot
367,1.08434,Upward Overshoot
368,1.08435,Upward Overshoot
369,1.08437,Upward Overshoot
370,1.08436,Upward Overshoot
371,1.08435,Upward Overshoot
372,1.08435,Upward Overshoot
373,1.08435,Upward Overshoot
374,1.08435,Upward Overshoot
375,1.08435,Upward Overshoot
376,1.08437,Upward Overshoot
377,1.08435,Upward Overshoot
378,1.08437,Upward Overshoot
379,1.08438,Upward Overshoot
380,1.08435,Upward Overshoot
381,1.08436,Upward Overshoot
382,1.08436,Upward Overshoot
383,1.08436,Upward Overshoot
384,1.08436,Upward Overshoot
385,1.08436,Upward Overshoot
386,1.08438,Upward Overshoot
387,1.08437,Upward Overshoot
388,1.0844,Upward Overshoot
389,1.08439,Upward Overshoot
390,1.0844,Upward Overshoot
391,1.0844,Upward Overshoot
392,1.0844,Upward Overshoot
393,1.08441,Upward Overshoot
394,1.0844,Upward Overshoot
395,1.08441,Upward Overshoot
396,1.08443,Upward Overshoot
397,1.08441,Upward Overshoot
398,1.0844,Upward Overshoot
399,1.08441,Upward Overshoot
400,1.08443,Upward Overshoot
401,1.08441,Upward Overshoot
402,1.08444,Upward Overshoot
403,1.08446,Upward Overshoot
404,1.08442,Upward Overshoot
405,1.08443,Upward Overshoot
406,1.08448,Upward Overshoot
407,1.08445,Upward Overshoot
408,1.08445,Upward Overshoot
409,1.08449,Upward Overshoot
410,1.08446,Upward Overshoot
411,1.08449,Upward Overshoot
412,1.0845,Upward Overshoot
413,1.08446,Downward DCC
414,1.08447,Downward DCC
415,1.08446,Downward DCC
416,1.0845,Downward DCC
417,1.08446,Downward DCC
418,1.08448,Downward DCC
419,1.08446,Downward DCC
420,1.08448,Downward DCC
421,1.08445,Downward DCC
422,1.08448,Downward DCC
423,1.08445,Downward DCC
424,1.08443,Downward DCC
425,1.08447,Downward DCC
426,1.08445,Downward DCC
427,1.08442,Downward DCC
428,1.08441,Downward DCC
429,1.08442,Downward DCC
430,1.08443,Downward DCC
431,1.08446,Downward DCC
432,1.08443,Downward DCC
433,1.08447,Downward DCC
434,1.08443,Downward DCC
435,1.08446,Downward DCC
436,1.08445,Downward DCC
437,1.08442,Downward DCC
438,1.08441,Downward DCC
439,1.08445,Downward DCC
440,1.0844,Downward DCC
441,1.08443,Downward DCC
442,1.08441,Downward DCC
443,1.08444,Downward DCC
444,1.08441,Downward DCC
445,1.08441,Downward DCC
446,1.08444,Downward DCC
447,1.08441,Downward DCC
448,1.08444,Downward DCC
449,1.08441,Downward DCC
450,1.08442,Downward DCC
451,1.08444,Downward DCC
452,1.08448,Downward DCC
453,1.08443,Downward DCC
454,1.08443,Downward DCC
455,1.08447,Downward DCC
456,1.08443,Downward DCC
457,1.08446,Downward DCC
458,1.08443,Downward DCC
459,1.08445,Downward DCC
460,1.08443,Downward DCC
461,1.08441,Downward DCC
462,1.08445,Downward DCC
463,1.08441,Downward DCC
464,1.08444,Downward DCC
465,1.0844,Downward DCC
466,1.08442,Downward DCC
467,1.08439,Downward DCC
468,1.08444,Downward DCC
469,1.08439,Downward DCC
470,1.0844,Downward DCC
471,1.08443,Downward DCC
472,1.08436,Downward DCC
473,1.0844,Downward DCC
474,1.08436,Downward DCC
475,1.08441,Downward DCC
476,1.08436,Downward DCC
477,1.0844,Downward DCC
478,1.08436,Downward DCC
479,1.08441,Downward DCC
480,1.08438,Downward DCC
481,1.08442,Downward DCC
482,1.08439,Downward DCC
483,1.08443,Downward DCC
484,1.08443,Downward DCC
485,1.08439,Downward DCC
486,1.08443,Downward DCC
487,1.08439,Downward DCC
488,1.08442,Downward DCC
489,1.08439,Downward DCC
490,1.0844,Downward DCC
491,1.0844,Downward DCC
492,1.08443,Downward DCC
493,1.08444,Downward DCC
494,1.0844,Downward DCC
495,1.08439,Downward DCC
496,1.0844,Downward DCC
497,1.0844,Downward DCC
498,1.08444,Downward DCC
499,1.08447,Downward DCC
500,1.08441,Downward DCC
501,1.08446,Downward DCC
502,1.08441,Downward DCC
503,1.08446,Downward DCC
504,1.08441,Downward DCC
505,1.08441,Downward DCC
506,1.08441,Downward DCC
507,1.08446,Downward DCC
508,1.08441,Downward DCC
509,1.08441,Downward DCC
510,1.08441,Downward DCC
511,1.08447,Downward DCC
512,1.08441,Downward DCC
513,1.08447,Downward DCC
514,1.08439,Downward DCC
515,1.08443,Downward DCC
516,1.08439,Downward DCC
517,1.08446,Downward DCC
518,1.08446,Downward DCC
519,1.08439,Downward DCC
520,1.08438,Downward DCC
521,1.08443,Downward DCC
522,1.08435,Downward DCC
523,1.08441,Downward Overshoot
524,1.08436,Downward Overshoot
525,1.08441,Downward Overshoot
526,1.08435,Downward Overshoot
527,1.0844,Downward Overshoot
528,1.0844,Downward Overshoot
529,1.08435,Downward Overshoot
530,1.0844,Downward Overshoot
531,1.0844,Downward Overshoot
532,1.08434,Downward Overshoot
533,1.08435,Downward Overshoot
534,1.08438,Downward Overshoot
535,1.08431,Downward Overshoot
536,1.08437,Downward Overshoot
537,1.08436,Downward Overshoot
538,1.08431,Downward Overshoot
539,1.08435,Downward Overshoot
540,1.0843,Downward Overshoot
541,1.08436,Downward Overshoot
542,1.0843,Downward Overshoot
543,1.0843,Downward Overshoot
544,1.08436,Downward Overshoot
545,1.08431,Downward Overshoot
546,1.08431,Downward Overshoot
547,1.08437,Downward Overshoot
548,1.08436,Downward Overshoot
549,1.08437,Downward Overshoot
550,1.08431,Downward Overshoot
551,1.08436,Downward Overshoot
552,1.08431,Downward Overshoot
553,1.08437,Downward Overshoot
554,1.08431,Downward Overshoot
555,1.08437,Downward Overshoot
556,1.08431,Downward Overshoot
557,1.0843,Downward Overshoot
558,1.0843,Downward Overshoot
559,1.0843,Downward Overshoot
560,1.08436,Downward Overshoot
561,1.0843,Downward Overshoot
562,1.0843,Downward Overshoot
563,1.08435,Downward Overshoot
564,1.08429,Downward Overshoot
565,1.08434,Downward Overshoot
566,1.08429,Downward Overshoot
567,1.08434,Downward Overshoot
568,1.08429,Downward Overshoot
569,1.08433,Downward Overshoot
570,1.08429,Downward Overshoot
571,1.08435,Downward Overshoot
572,1.08429,Downward Overshoot
573,1.0843,Downward Overshoot
574,1.08435,Downward Overshoot
575,1.08434,Downward Overshoot
576,1.08427,Downward Overshoot
577,1.08433,Downward Overshoot
578,1.08433,Downward Overshoot
579,1.08426,Downward Overshoot
580,1.08433,Downward Overshoot
581,1.08429,Downward Overshoot
582,1.08434,Downward Overshoot
583,1.08429,Downward Overshoot
584,1.08429,Downward Overshoot
585,1.08432,Downward Overshoot
586,1.08427,Downward Overshoot
587,1.08426,Downward Overshoot
588,1.08426,Downward Overshoot
589,1.08431,Downward Overshoot
590,1.08426,Downward Overshoot
591,1.08431,Downward Overshoot
592,1.08426,Downward Overshoot
593,1.08432,Downward Overshoot
594,1.08426,Downward Overshoot
595,1.08426,Downward Overshoot
596,1.08426,Downward Overshoot
597,1.08428,Downward Overshoot
598,1.08427,Downward Overshoot
599,1.08432,Downward Overshoot
600,1.08427,Downward Overshoot
601,1.08431,Downward Overshoot
602,1.08425,Downward Overshoot
603,1.0843,Upward DCC
604,1.08426,Upward DCC
605,1.08431,Upward DCC
606,1.08426,Upward DCC
607,1.08432,Upward DCC
608,1.08426,Upward DCC
609,1.08428,Upward DCC
610,1.08434,Upward DCC
611,1.08435,Upward DCC
612,1.08429,Upward DCC
613,1.0843,Upward DCC
614,1.08436,Upward DCC
615,1.0843,Upward Overshoot
616,1.0843,Upward Overshoot
617,1.08436,Upward Overshoot
618,1.08441,Upward Overshoot
619,1.08443,Upward Overshoot
620,1.08437,Downward DCC
621,1.08443,Downward DCC
622,1.08442,Downward DCC
623,1.08441,Downward DCC
624,1.08442,Downward DCC
625,1.08436,Downward DCC
626,1.08443,Downward DCC
627,1.08443,Downward DCC
628,1.08442,Downward DCC
629,1.08436,Downward DCC
630,1.08436,Downward DCC
631,1.08442,Downward DCC
632,1.08436,Downward DCC
633,1.08441,Downward DCC
634,1.0844,Downward DCC
635,1.08432,Downward DCC
636,1.08439,Downward DCC
637,1.08432,Downward DCC
638,1.08437,Downward DCC
639,1.08431,Downward DCC
640,1.08431,Downward DCC
641,1.08436,Downward DCC
642,1.08431,Downward DCC
643,1.08431,Downward DCC
644,1.0843,Downward DCC
645,1.08435,Downward DCC
646,1.08433,Downward DCC
647,1.08429,Downward DCC
648,1.08434,Downward DCC
649,1.08429,Downward DCC
650,1.08436,Downward DCC
651,1.08433,Downward DCC
652,1.08428,Downward DCC
653,1.08434,Downward DCC
654,1.08429,Downward DCC
655,1.08429,Downward DCC
656,1.08434,Downward DCC
657,1.08429,Downward DCC
658,1.08434,Downward DCC
659,1.08429,Downward DCC
660,1.08434,Downward DCC
661,1.08434,Downward DCC
662,1.08435,Downward DCC
663,1.08434,Downward DCC
664,1.08429,Downward DCC
665,1.08434,Downward DCC
666,1.08429,Downward DCC
667,1.08433,Downward DCC
668,1.08426,Downward DCC
669,1.08432,Downward DCC
670,1.08431,Downward DCC
671,1.08426,Downward DCC
672,1.08431,Downward DCC
673,1.08426,Downward DCC
674,1.08432,Downward DCC
675,1.08426,Downward DCC
676,1.08431,Downward DCC
677,1.08425,Downward DCC
678,1.08432,Downward DCC
679,1.08431,Downward DCC
680,1.08426,Downward DCC
681,1.08425,Downward DCC
682,1.08425,Downward DCC
683,1.08432,Downward DCC
684,1.08426,Downward DCC
685,1.08432,Downward DCC
686,1.08426,Downward DCC
687,1.08434,Downward DCC
688,1.08435,Downward DCC
689,1.08429,Downward DCC
690,1.08436,Downward DCC
691,1.08429,Downward DCC
692,1.08429,Downward DCC
693,1.08435,Downward DCC
694,1.08433,Downward DCC
695,1.08427,Downward DCC
696,1.08426,Downward DCC
697,1.08433,Downward DCC
698,1.08426,Downward DCC
699,1.08434,Downward DCC
700,1.08428,Downward DCC
701,1.08435,Downward DCC
702,1.08429,Downward DCC
703,1.0843,Downward DCC
704,1.08434,Downward DCC
705,1.0843,Downward DCC
706,1.08436,Downward DCC
707,1.0843,Downward DCC
708,1.08435,Downward DCC
709,1.0843,Downward DCC
710,1.08433,Downward DCC
711,1.08426,Downward DCC
712,1.08431,Downward DCC
713,1.08425,Downward DCC
714,1.08426,Downward Overshoot
715,1.08425,Downward Overshoot
716,1.0843,Downward Overshoot
717,1.08422,Downward Overshoot
718,1.08428,Downward Overshoot
719,1.08422,Downward Overshoot
720,1.08421,Downward Overshoot
721,1.08428,Downward Overshoot
722,1.08423,Downward Overshoot
723,1.08424,Downward Overshoot
724,1.0843,Downward Overshoot
725,1.08424,Downward Overshoot
726,1.08424,Downward Overshoot
727,1.08431,Downward Overshoot
728,1.08431,Downward Overshoot
729,1.08424,Downward Overshoot
730,1.08428,Downward Overshoot
731,1.08424,Downward Overshoot
732,1.08422,Downward Overshoot
733,1.08428,Downward Overshoot
734,1.08422,Downward Overshoot
735,1.08421,Downward Overshoot
736,1.08428,Downward Overshoot
737,1.08421,Downward Overshoot
738,1.08421,Downward Overshoot
739,1.08426,Downward Overshoot
740,1.08421,Downward Overshoot
741,1.08426,Downward Overshoot
742,1.08421,Downward Overshoot
743,1.08421,Downward Overshoot
744,1.08425,Downward Overshoot
745,1.08417,Downward Overshoot
746,1.08424,Downward Overshoot
747,1.08425,Downward Overshoot
748,1.08419,Downward Overshoot
749,1.08425,Downward Overshoot
750,1.08419,Downward Overshoot
751,1.08419,Downward Overshoot
752,1.08424,Downward Overshoot
753,1.08418,Downward Overshoot
754,1.08417,Downward Overshoot
755,1.08416,Downward Overshoot
756,1.08422,Downward Overshoot
757,1.08416,Downward Overshoot
758,1.08423,Downward Overshoot
759,1.08416,Downward Overshoot
760,1.08416,Downward Overshoot
761,1.08422,Downward Overshoot
762,1.08416,Downward Overshoot
763,1.08416,Downward Overshoot
764,1.08416,Downward Overshoot
765,1.08421,Downward Overshoot
766,1.0842,Downward Overshoot
767,1.08415,Downward Overshoot
768,1.08415,Downward Overshoot
769,1.0842,Downward Overshoot
770,1.08414,Downward Overshoot
771,1.08421,Downward Overshoot
772,1.08413,Downward Overshoot
773,1.08421,Upward DCC
774,1.08413,Upward DCC
775,1.08414,Upward DCC
776,1.08421,Upward DCC
777,1.08415,Upward DCC
778,1.08422,Upward DCC
779,1.08416,Upward DCC
780,1.08422,Upward DCC
781,1.08425,Upward DCC
782,1.08423,Upward Overshoot
783,1.08418,Upward Overshoot
784,1.08425,Upward Overshoot
785,1.08418,Upward Overshoot
786,1.08418,Upward Overshoot
787,1.08418,Upward Overshoot
788,1.08423,Upward Overshoot
789,1.08416,Upward Overshoot
790,1.08422,Upward Overshoot
791,1.08416,Upward Overshoot
792,1.08422,Upward Overshoot
793,1.08416,Upward Overshoot
794,1.08421,Upward Overshoot
795,1.08415,Upward Overshoot
796,1.0842,Upward Overshoot
797,1.08416,Upward Overshoot
798,1.08421,Upward Overshoot
799,1.08416,Upward Overshoot
800,1.08415,Upward Overshoot
801,1.08416,Upward Overshoot
802,1.08422,Upward Overshoot
803,1.08416,Upward Overshoot
804,1.08421,Upward Overshoot
805,1.08416,Upward Overshoot
806,1.08421,Upward Overshoot
807,1.08422,Upward Overshoot
808,1.08419,Upward Overshoot
809,1.0842,Upward Overshoot
810,1.08423,Upward Overshoot
811,1.0842,Upward Overshoot
812,1.0842,Upward Overshoot
813,1.08426,Upward Overshoot
814,1.0842,Upward Overshoot
815,1.08421,Upward Overshoot
816,1.08421,Upward Overshoot
817,1.08426,Upward Overshoot
818,1.08425,Upward Overshoot
819,1.08421,Upward Overshoot
820,1.08426,Upward Overshoot
821,1.08421,Upward Overshoot
822,1.0842,Upward Overshoot
823,1.08421,Upward Overshoot
824,1.0842,Upward Overshoot
825,1.08421,Upward Overshoot
826,1.08426,Upward Overshoot
827,1.08421,Upward Overshoot
828,1.08426,Upward Overshoot
829,1.08426,Upward Overshoot
830,1.08421,Upward Overshoot
831,1.08427,Upward Overshoot
832,1.08429,Upward Overshoot
833,1.08423,Upward Overshoot
834,1.08431,Upward Overshoot
835,1.08427,Upward Overshoot
836,1.0843,Upward Overshoot
837,1.08425,Upward Overshoot
838,1.08428,Upward Overshoot
839,1.08422,Upward Overshoot
840,1.08421,Upward Overshoot
841,1.08428,Upward Overshoot
842,1.08421,Upward Overshoot
843,1.08421,Upward Overshoot
844,1.08421,Upward Overshoot
845,1.08421,Upward Overshoot
846,1.08428,Upward Overshoot
847,1.08429,Upward Overshoot
848,1.08424,Upward Overshoot
849,1.0843,Upward Overshoot
850,1.08426,Upward Overshoot
851,1.08426,Upward Overshoot
852,1.08426,Upward Overshoot
853,1.08431,Upward Overshoot
854,1.08426,Upward Overshoot
855,1.0843,Upward Overshoot
856,1.08431,Upward Overshoot
857,1.08426,Upward Overshoot
858,1.0843,Upward Overshoot
859,1.08426,Upward Overshoot
860,1.08431,Upward Overshoot
861,1.08426,Upward Overshoot
862,1.08426,Upward Overshoot
863,1.08431,Upward Overshoot
864,1.08426,Upward Overshoot
865,1.08425,Upward Overshoot
866,1.08426,Upward Overshoot
867,1.08425,Upward Overshoot
868,1.08424,Upward Overshoot
869,1.0843,Upward Overshoot
870,1.08423,Upward Overshoot
871,1.08423,Upward Overshoot
872,1.08424,Upward Overshoot
873,1.08431,Upward Overshoot
874,1.08425,Upward Overshoot
875,1.08425,Upward Overshoot
876,1.0843,Upward Overshoot
877,1.08426,Upward Overshoot
878,1.0843,Upward Overshoot
879,1.08433,Upward Overshoot
880,1.08427,Upward Overshoot
881,1.08428,Upward Overshoot
882,1.08434,Upward Overshoot
883,1.08429,Upward Overshoot
884,1.08429,Upward Overshoot
885,1.08429,Upward Overshoot
886,1.08435,Upward Overshoot
887,1.08435,Upward Overshoot
888,1.08429,Upward Overshoot
889,1.0843,Upward Overshoot
890,1.08435,Upward Overshoot
891,1.0843,Upward Overshoot
892,1.08429,Upward Overshoot
893,1.08436,Upward Overshoot
894,1.08429,Upward Overshoot
895,1.0843,Upward Overshoot
896,1.08435,Upward Overshoot
897,1.0843,Upward Overshoot
898,1.0843,Upward Overshoot
899,1.08437,Upward Overshoot
900,1.08431,Upward Overshoot
901,1.08431,Upward Overshoot
902,1.08436,Upward Overshoot
903,1.08431,Upward Overshoot
904,1.08436,Upward Overshoot
905,1.08431,Upward Overshoot
906,1.08436,Upward Overshoot
907,1.08431,Upward Overshoot
908,1.08431,Upward Overshoot
909,1.08436,Upward Overshoot
910,1.0843,Upward Overshoot
911,1.08437,Upward Overshoot
912,1.0843,Upward Overshoot
913,1.08437,Upward Overshoot
914,1.0843,Upward Overshoot
915,1.08435,Upward Overshoot
916,1.08435,Upward Overshoot
917,1.0843,Upward Overshoot
918,1.0843,Upward Overshoot
919,1.08436,Upward Overshoot
920,1.08431,Upward Overshoot
921,1.08437,Upward Overshoot
922,1.08432,Upward Overshoot
923,1.08438,Upward Overshoot
924,1.08434,Upward Overshoot
925,1.0844,Upward Overshoot
926,1.08434,Upward Overshoot
927,1.08433,Upward Overshoot
928,1.08441,Upward Overshoot
929,1.0844,Upward Overshoot
930,1.08433,Upward Overshoot
931,1.08434,Upward Overshoot
932,1.08435,Upward Overshoot
933,1.08436,Upward Overshoot
934,1.08442,Upward Overshoot
935,1.08436,Upward Overshoot
936,1.08444,Upward Overshoot
937,1.08443,Downward DCC
938,1.08436,Downward DCC
939,1.08436,Downward DCC
940,1.08441,Downward DCC
941,1.08436,Downward DCC
942,1.08436,Downward DCC
943,1.08436,Downward DCC
944,1.08439,Downward DCC
945,1.08435,Downward DCC
946,1.08436,Downward DCC
947,1.08439,Downward DCC
948,1.08441,Downward DCC
949,1.08436,Downward DCC
950,1.08439,Downward DCC
951,1.0844,Downward DCC
952,1.08439,Downward DCC
953,1.08441,Downward DCC
954,1.08436,Downward DCC
955,1.08439,Downward DCC
956,1.08441,Downward DCC
957,1.0844,Downward DCC
958,1.08436,Downward DCC
959,1.08441,Downward DCC
960,1.0844,Downward DCC
961,1.08436,Downward DCC
962,1.08441,Downward DCC
963,1.08439,Downward DCC
964,1.08436,Downward DCC
965,1.08439,Downward DCC
966,1.08436,Downward DCC
967,1.08439,Downward DCC
968,1.08436,Downward DCC
969,1.08439,Downward DCC
970,1.08436,Downward DCC
971,1.08435,Downward DCC
972,1.08439,Downward DCC
973,1.08441,Downward DCC
974,1.08436,Downward DCC
975,1.08441,Downward DCC
976,1.08436,Downward DCC
977,1.08436,Downward DCC
978,1.08441,Downward DCC
979,1.08436,Downward DCC
980,1.08442,Downward DCC
981,1.08436,Downward DCC
982,1.08442,Downward DCC
983,1.08436,Downward DCC
984,1.08441,Downward DCC
985,1.08436,Downward DCC
986,1.08442,Downward DCC
987,1.08436,Downward DCC
988,1.0844,Downward DCC
989,1.08435,Downward DCC
990,1.08442,Downward DCC
991,1.08435,Downward DCC
992,1.08436,Downward DCC
993,1.08442,Downward DCC
994,1.08443,Downward DCC
995,1.08436,Downward DCC
996,1.08444,Downward DCC
997,1.08436,Downward DCC
998,1.08442,Downward DCC
999,1.08432,Downward DCC
